<?xml version="1.0"?>
<metadata xml:lang="en"><Esri><CreaDate>20100602</CreaDate><CreaTime>11065959</CreaTime><ArcGISFormat>1.0</ArcGISFormat><SyncOnce>FALSE</SyncOnce><ModDate>20171005</ModDate><ModTime>11085100</ModTime><DataProperties><coordRef><csUnits>Decimal Degree</csUnits><geogcsn>WGS 84</geogcsn><peXml><wktVar>&lt;ProjectedCoordinateSystem&gt;&lt;WKT&gt;GEOGCS["WGS 84",DATUM["World Geodetic System 1984 [EPSG ID 6326]",SPHEROID["WGS 84 [EPSG ID 7030]",6378137.0,298.257223563]],PRIMEM["Greenwich",0.0],UNIT["Decimal Degree",0.01745329251994328]]&lt;/WKT&gt;&lt;XOrigin&gt;-80&lt;/XOrigin&gt;&lt;YOrigin&gt;43&lt;/YOrigin&gt;&lt;XYScale&gt;100000000&lt;/XYScale&gt;&lt;ZOrigin&gt;0&lt;/ZOrigin&gt;&lt;ZScale&gt;1&lt;/ZScale&gt;&lt;MOrigin&gt;0&lt;/MOrigin&gt;&lt;MScale&gt;1&lt;/MScale&gt;&lt;XYTolerance&gt;.00000002&lt;/XYTolerance&gt;&lt;ZTolerance&gt;0&lt;/ZTolerance&gt;&lt;MTolerance&gt;0&lt;/MTolerance&gt;&lt;HighPrecision&gt;&lt;/HighPrecision&gt;&lt;/ProjectedCoordinateSystem&gt;&lt;/peXml&gt;</wktVar></peXml><type Sync="TRUE">Geographic</type></coordRef><itemProps><itemName Sync="TRUE">CENTRELINE_WGS84_byc</itemName><imsContentType Sync="TRUE">002</imsContentType><itemSize Sync="TRUE">0.000</itemSize><itemLocation><linkage Sync="TRUE">file://\\CTGIS01\D$\r-arcgis-workshop\tutorials\data\toronto\CENTRELINE_WGS84_byc.shp</linkage><protocol Sync="TRUE">Local Area Network</protocol></itemLocation></itemProps></DataProperties><SyncDate>20171005</SyncDate><SyncTime>11085100</SyncTime></Esri><idinfo><citation><citeinfo><title>none</title><origin>none</origin></citeinfo></citation><status><update>Continually</update></status></idinfo><dataIdInfo><themeKeys><keyword>Road</keyword><keyword>river</keyword><keyword>highway</keyword><keyword>railway</keyword><keyword>address</keyword><keyword>range</keyword><keyword>address range</keyword><keyword>line</keyword><keyword>transportation</keyword></themeKeys><idPurp>Supports all City operational and planning programs. Examples include Emergency (911) dispatch, City permits, welfare case management, boundary adjustments to administration areas, waste collection, traffic control and electoral functions.</idPurp><idAbs>Data set contains geographic linear representation of transportatiion corridors, administrative boundaries, shorelines, and assoicated attrubutes.</idAbs><idCitation><resTitle>CITYGCS.CENTRELINE</resTitle><presForm><PresFormCd value="005" Sync="TRUE"></PresFormCd></presForm></idCitation><resConst><Consts><useLimit>Source must be credited. Cannot be re-sold</useLimit></Consts></resConst><dataExt><geoEle><GeoBndBox><westBL>-79.65</westBL><eastBL>-79.11</eastBL><northBL>43.86</northBL><southBL>43.57</southBL></GeoBndBox></geoEle></dataExt><idCredit>no credits</idCredit><idPoC><rpIndName>Open Data Team</rpIndName><rpOrgName>City of Toronto</rpOrgName><rpCntInfo><cntAddress><eMailAdd>opendata@toronto.ca</eMailAdd></cntAddress></rpCntInfo></idPoC><envirDesc Sync="TRUE">Microsoft Windows 7 Version 6.1 (Build 7601) Service Pack 1; Esri ArcGIS 12.0.1.8933</envirDesc><dataLang><languageCode value="eng" Sync="TRUE"></languageCode><countryCode value="USA" Sync="TRUE"></countryCode></dataLang><spatRpType><SpatRepTypCd value="001" Sync="TRUE"></SpatRepTypCd></spatRpType></dataIdInfo><metainfo><D>99</D><langmeta>en</langmeta><mdDateSt><CreaDate>20100602 11065959</CreaDate></mdDateSt></metainfo><distinfo></distinfo><spdoinfo><ptvctinf><esriterm Name="CENTRELINE_WGS84_byc"><efeatyp Sync="TRUE">Simple</efeatyp><efeageom code="3" Sync="TRUE"></efeageom><esritopo Sync="TRUE">FALSE</esritopo><efeacnt Sync="TRUE">0</efeacnt><spindex Sync="TRUE">FALSE</spindex><linrefer Sync="TRUE">FALSE</linrefer></esriterm></ptvctinf></spdoinfo><mdContact><rpOrgName>Geospatial Competency Centre</rpOrgName><rpIndName>.</rpIndName><rpCntInfo><cntAddress><city>Toronto</city><delPoint>18 Dyas Rd,  3rd Floor</delPoint><eMailAdd>gcc@toronto.ca</eMailAdd><postCode>M3B 1V5</postCode><adminArea>ON</adminArea></cntAddress><cntPhone><voiceNum>416-392-2506</voiceNum><faxNum>416-397-4900</faxNum></cntPhone></rpCntInfo><rpPosName>.</rpPosName></mdContact><eainfo><detailed Name="CENTRELINE_WGS84_byc"><enttyp><enttypt>Feature Class</enttypt><enttypl>CITYGCS.CENTRELINE</enttypl><enttypc>58360</enttypc></enttyp><attr><attrlabl Sync="TRUE">FID</attrlabl><attalias Sync="TRUE">FID</attalias><attrtype Sync="TRUE">OID</attrtype><attwidth Sync="TRUE">4</attwidth><atprecis Sync="TRUE">0</atprecis><attscale Sync="TRUE">0</attscale><attrdef Sync="TRUE">Internal feature number.</attrdef><attrdefs Sync="TRUE">Esri</attrdefs><attrdomv><udom Sync="TRUE">Sequential unique whole numbers that are automatically generated.</udom></attrdomv></attr><attr><attrlabl>SHAPE</attrlabl><attalias>SHAPE</attalias><attrtype>SDO_GEOMETRY</attrtype><attwidth>64</attwidth><attrdef>Spatial feature</attrdef><atprecis Sync="TRUE">0</atprecis><attscale Sync="TRUE">0</attscale><attrdefs Sync="TRUE">Esri</attrdefs><attrdomv><udom Sync="TRUE">Coordinates defining the features.</udom></attrdomv></attr><attr><attrlabl>OBJECTID</attrlabl><attalias>OBJECTID</attalias><attrtype>NUMBER</attrtype><attwidth>22</attwidth><attrdef>unique geographic identifier</attrdef><atprecis Sync="TRUE">0</atprecis><attscale Sync="TRUE">0</attscale></attr><attr><attrlabl>GEO_ID</attrlabl><attalias>GEO_ID</attalias><attrtype>NUMBER</attrtype><attwidth>22</attwidth><attrdef>Unique ID of centreline segment.</attrdef><atprecis Sync="TRUE">10</atprecis><attscale Sync="TRUE">0</attscale></attr><attr><attrlabl>LFN_ID</attrlabl><attalias>LFN_ID</attalias><attrtype>NUMBER</attrtype><attwidth>22</attwidth><attrdef>Full street name</attrdef><atprecis Sync="TRUE">10</atprecis><attscale Sync="TRUE">0</attscale></attr><attr><attrlabl>LF_NAME</attrlabl><attalias>LF_NAME</attalias><attrtype>VARCHAR2</attrtype><attwidth>110</attwidth><attrdef>Linear Name in full, e.g. Don Mills Rd</attrdef><atprecis Sync="TRUE">0</atprecis><attscale Sync="TRUE">0</attscale></attr><attr><attrlabl>ADDRESS_L</attrlabl><attalias>ADDRESS_L</attalias><attrtype>VARCHAR2</attrtype><attwidth>20</attwidth><attrdef>Address Range on the right side of the street</attrdef><atprecis Sync="TRUE">0</atprecis><attscale Sync="TRUE">0</attscale></attr><attr><attrlabl>ADDRESS_R</attrlabl><attalias>ADDRESS_R</attalias><attrtype>VARCHAR2</attrtype><attwidth>20</attwidth><attrdef>Even/Odd address numbers on left side of street</attrdef><atprecis Sync="TRUE">0</atprecis><attscale Sync="TRUE">0</attscale></attr><attr><attrlabl>OE_FLAG_L</attrlabl><attalias>OE_FLAG_L</attalias><attrtype>VARCHAR2</attrtype><attwidth>2</attwidth><attrdef>Even/Odd address numbers on right side of street</attrdef><atprecis Sync="TRUE">0</atprecis><attscale Sync="TRUE">0</attscale></attr><attr><attrlabl>OE_FLAG_R</attrlabl><attalias>OE_FLAG_R</attalias><attrtype>VARCHAR2</attrtype><attwidth>2</attwidth><attrdef>Lowest address number for left side of the street segment</attrdef><atprecis Sync="TRUE">0</atprecis><attscale Sync="TRUE">0</attscale></attr><attr><attrlabl>LONUML</attrlabl><attalias>LONUML</attalias><attrtype>NUMBER</attrtype><attwidth>22</attwidth><attrdef>Highest address number for left side of the street segment</attrdef><atprecis Sync="TRUE">10</atprecis><attscale Sync="TRUE">0</attscale></attr><attr><attrlabl>HINUML</attrlabl><attalias>HINUML</attalias><attrtype>NUMBER</attrtype><attwidth>22</attwidth><attrdef>Lowest address number for right side of the street segment</attrdef><atprecis Sync="TRUE">10</atprecis><attscale Sync="TRUE">0</attscale></attr><attr><attrlabl>LONUMR</attrlabl><attalias>LONUMR</attalias><attrtype>NUMBER</attrtype><attwidth>22</attwidth><attrdef>Highest address number for right side of the street segment</attrdef><atprecis Sync="TRUE">10</atprecis><attscale Sync="TRUE">0</attscale></attr><attr><attrlabl>HINUMR</attrlabl><attalias>HINUMR</attalias><attrtype>NUMBER</attrtype><attwidth>22</attwidth><attrdef>Numeric highest number on the right</attrdef><atprecis Sync="TRUE">10</atprecis><attscale Sync="TRUE">0</attscale></attr><attr><attrlabl>FNODE</attrlabl><attalias>FNODE</attalias><attrtype>NUMBER</attrtype><attwidth>22</attwidth><attrdef>Intersection id at the from node</attrdef><atprecis Sync="TRUE">10</atprecis><attscale Sync="TRUE">0</attscale></attr><attr><attrlabl>TNODE</attrlabl><attalias>TNODE</attalias><attrtype>NUMBER</attrtype><attwidth>22</attwidth><attrdef>Intersection id at the to node</attrdef><atprecis Sync="TRUE">10</atprecis><attscale Sync="TRUE">0</attscale></attr><attr><attrlabl>FCODE</attrlabl><attalias>FCODE</attalias><attrtype>NUMBER</attrtype><attwidth>22</attwidth><attrdef>description of the street classification</attrdef><atprecis Sync="TRUE">10</atprecis><attscale Sync="TRUE">0</attscale></attr><attr><attrlabl>FCODE_DESC</attrlabl><attalias>FCODE_DESC</attalias><attrtype>VARCHAR2</attrtype><attwidth>100</attwidth><attrdef>street jurisdiction (ownership)</attrdef><atprecis Sync="TRUE">0</atprecis><attscale Sync="TRUE">0</attscale></attr><attr><attrlabl>JURIS_CODE</attrlabl><attalias>JURIS_CODE</attalias><attrtype>VARCHAR2</attrtype><attwidth>20</attwidth><attrdef>Jurisdiction of the centreline segment</attrdef><atprecis Sync="TRUE">0</atprecis><attscale Sync="TRUE">0</attscale></attr></detailed></eainfo><spatRepInfo><VectSpatRep><geometObjs Name="CENTRELINE_WGS84_byc"><geoObjTyp><GeoObjTypCd value="002" Sync="TRUE"></GeoObjTypCd></geoObjTyp><geoObjCnt Sync="TRUE">0</geoObjCnt></geometObjs><topLvl><TopoLevCd value="001" Sync="TRUE"></TopoLevCd></topLvl></VectSpatRep></spatRepInfo><mdLang><languageCode value="eng" Sync="TRUE"></languageCode><countryCode value="USA" Sync="TRUE"></countryCode></mdLang><distInfo><distFormat><formatName Sync="TRUE">Shapefile</formatName></distFormat><distTranOps><transSize Sync="TRUE">0.000</transSize></distTranOps></distInfo><mdHrLv><ScopeCd value="005" Sync="TRUE"></ScopeCd></mdHrLv><mdHrLvName Sync="TRUE">dataset</mdHrLvName><refSysInfo><RefSystem><refSysID><identCode code="0" Sync="TRUE"></identCode></refSysID></RefSystem></refSysInfo><mdDateSt Sync="TRUE">20171005</mdDateSt></metadata>
